timestamp_sec,ego_x,ego_y,ego_yaw,ego_velocity,ai_x,ai_y,ai_yaw,mppi_mode,throttle,steering
1777586135.277325,-49.981986,-40.005700,0.000000,0.000000,-41.800000,-40.000000,0.000000,1,-0.201844,-0.810928
1777586135.340030,-49.978026,-40.016851,-0.000000,0.044028,-40.000000,-40.000000,0.000000,1,-0.238752,0.059766
1777586135.402752,-49.976500,-40.020625,-0.000000,0.062339,-39.400000,-40.000000,0.000000,1,-0.300000,0.141917
1777586135.465151,-49.972679,-40.021692,-0.000178,0.061843,-38.700000,-40.000000,0.000000,1,-0.244212,-0.514822
1777586135.526510,-49.978373,-40.028653,-0.000327,0.047907,-38.100000,-40.000000,0.000000,1,0.211612,0.880514
1777586135.587736,-49.978427,-40.032818,-0.000305,0.031019,-37.500000,-40.000000,0.000000,1,0.591514,0.337179
1777586135.670683,-49.973794,-40.038039,-0.000309,0.014244,-36.900000,-40.000000,0.000000,1,-0.182524,0.565087
1777586135.731831,-49.974294,-40.035469,-0.000280,0.017066,-36.100000,-40.000000,0.000000,1,-0.031451,-0.710253
1777586135.792741,-49.969809,-40.029426,-0.000186,0.048324,-35.500000,-40.000000,0.000000,1,0.325533,0.909838
1777586135.854070,-49.961617,-40.025062,0.000014,0.057314,-34.800000,-40.000000,0.000000,1,-0.300000,-1.000000
1777586135.915699,-49.950198,-40.031749,-0.000007,0.051316,-34.200000,-40.000000,0.000000,1,0.486145,-1.000000
1777586135.977757,-49.951600,-40.032476,-0.000053,0.058805,-33.600000,-40.000000,0.000000,1,0.299129,-0.907463
1777586136.039082,-49.941020,-40.033921,0.000070,0.058250,-33.000000,-40.000000,0.000000,1,0.135011,-1.000000
1777586136.101332,-49.945476,-40.040322,-0.000303,0.062759,-32.400000,-40.000000,0.000000,1,0.720810,0.357101
1777586136.163466,-49.941390,-40.035363,-0.000797,0.084842,-31.800000,-40.000000,0.000000,1,-0.270773,0.493009
1777586136.247631,-49.942932,-40.034376,-0.001491,0.096793,-31.100000,-40.000000,0.000000,1,-0.031512,0.549092
1777586136.249435,-49.939096,-40.026969,-0.001587,0.141279,-30.300000,-40.000000,0.000000,0,10.000000,0.008805
1777586136.250524,-49.941056,-40.027760,-0.001530,0.148039,-30.200000,-40.000000,0.000000,0,10.000000,0.004336
1777586136.251583,-49.938719,-40.031722,-0.001473,0.144636,-30.100000,-40.000000,0.000000,0,10.000000,0.004311
1777586136.252597,-49.940214,-40.030481,-0.001395,0.141509,-30.000000,-40.000000,0.000000,0,10.000000,0.008770
1777586136.253600,-49.937882,-40.031204,-0.001319,0.138392,-29.900000,-40.000000,0.000000,0,10.000000,0.008777
1777586136.254601,-49.933498,-40.028922,-0.001245,0.135284,-29.800000,-40.000000,0.000000,0,10.000000,0.004323
1777586136.255581,-49.933166,-40.024912,-0.001172,0.132185,-29.700000,-40.000000,0.000000,0,10.000000,0.004324
1777586136.256600,-49.932814,-40.024450,-0.001101,0.129095,-29.600000,-40.000000,0.000000,0,10.000000,0.008781
1777586136.257622,-49.933172,-40.025454,-0.001032,0.126015,-29.500000,-40.000000,0.000000,0,10.000000,0.004354
1777586136.258686,-49.931512,-40.023595,-0.000964,0.122944,-29.400000,-40.000000,0.000000,0,10.000000,0.004363
1777586136.259707,-49.928491,-40.019878,-0.000870,0.222888,-29.300000,-40.000000,0.000000,0,10.000000,0.004376
1777586136.283474,-49.920820,-40.022181,-0.000865,0.519545,-29.000000,-40.000000,0.000000,0,10.000000,0.004378
1777586136.303564,-49.906957,-40.022471,-0.000859,0.715838,-28.800000,-40.000000,0.000000,0,10.000000,0.004370
1777586136.333646,-49.885273,-40.021481,-0.000847,1.008078,-28.500000,-40.000000,0.000000,0,10.000000,0.004372
1777586136.353417,-49.861798,-40.022253,-0.000836,1.201449,-28.300000,-40.000000,0.000000,0,10.000000,0.004373
1777586136.383497,-49.819333,-40.018951,-0.000817,1.489339,-28.000000,-40.000000,0.000000,0,10.000000,0.004381
1777586136.403557,-49.786410,-40.019188,-0.000802,1.679830,-27.800000,-40.000000,0.000000,0,10.000000,0.004386
1777586136.433604,-49.734109,-40.014701,-0.000776,1.963434,-27.500000,-40.000000,0.000000,0,10.000000,-0.000044
1777586136.453528,-49.692895,-40.013805,-0.000766,2.151090,-27.300000,-40.000000,0.000000,0,10.000000,-0.000050
1777586136.483510,-49.628455,-40.009455,-0.000767,2.430471,-27.000000,-40.000000,0.000000,0,10.000000,0.004385
1777586136.503546,-49.574469,-40.010713,-0.000755,2.615333,-26.800000,-40.000000,0.000000,0,10.000000,0.004387
1777586136.534517,-49.493217,-40.015412,-0.000715,2.890554,-26.500000,-40.000000,0.000000,0,10.000000,0.004387
1777586136.554497,-49.432154,-40.012147,-0.000687,3.072664,-26.300000,-40.000000,0.000000,0,10.000000,0.004396
1777586136.584335,-49.336448,-40.011815,-0.000640,3.343788,-26.000000,-40.000000,0.000000,0,10.000000,0.004410
1777586136.604443,-49.269726,-40.012573,-0.000607,3.523186,-25.800000,-40.000000,0.000000,0,10.000000,-0.000027
1777586136.634456,-49.159552,-40.017025,-0.000590,3.790275,-25.500000,-40.000000,0.000000,0,10.000000,-0.000036
1777586136.654524,-49.078373,-40.012466,-0.000591,3.967003,-25.300000,-40.000000,0.000000,0,10.000000,-0.000034
1777586136.683461,-48.957772,-40.012771,-0.000591,4.230114,-25.000000,-40.000000,0.000000,0,10.000000,-0.000041
1777586136.703488,-48.866682,-40.014310,-0.000592,4.404210,-24.800000,-40.000000,0.000000,0,10.000000,0.004384
1777586136.733492,-48.734004,-40.018181,-0.000548,4.663403,-24.500000,-40.000000,0.000000,0,10.000000,0.004384
1777586136.753435,-48.638632,-40.018523,-0.000503,4.834907,-24.300000,-40.000000,0.000000,0,10.000000,0.004386
1777586136.783462,-48.496651,-40.021783,-0.000431,5.090243,-24.000000,-40.000000,0.000000,0,10.000000,0.004387
1777586136.803519,-48.391072,-40.020718,-0.000382,5.259194,-23.800000,-40.000000,0.000000,0,10.000000,0.004392
1777586136.833565,-48.223365,-40.017269,-0.000304,5.510727,-23.500000,-40.000000,0.000000,0,10.000000,0.004403
1777586136.853459,-48.106675,-40.023105,-0.000251,5.677163,-23.300000,-40.000000,0.000000,0,10.000000,0.004400
1777586136.883769,-47.930421,-40.023072,-0.000167,5.924952,-23.000000,-40.000000,0.000000,0,10.000000,0.004413
1777586136.903574,-47.812199,-40.021879,-0.000109,6.088910,-22.800000,-40.000000,0.000000,0,10.000000,-0.000019
1777586136.933616,-47.625665,-40.027427,-0.000080,6.333011,-22.500000,-40.000000,0.000000,0,10.000000,-0.000025
1777586136.953480,-47.496014,-40.028662,-0.000081,6.494528,-22.300000,-40.000000,0.000000,0,10.000000,-0.000027
1777586136.983553,-47.301624,-40.028882,-0.000081,6.734993,-22.000000,-40.000000,0.000000,0,10.000000,-0.000030
1777586137.003540,-47.165649,-40.025585,-0.000082,6.894106,-21.800000,-40.000000,0.000000,0,10.000000,-0.000028
1777586137.033516,-46.960152,-40.026359,-0.000082,7.130991,-21.500000,-40.000000,0.000000,0,10.000000,-0.000031
1777586137.053546,-46.814023,-40.027631,-0.000083,7.287735,-21.300000,-40.000000,0.000000,0,10.000000,-0.000034
1777586137.083540,-46.586978,-40.025091,-0.000083,7.521093,-21.000000,-40.000000,0.000000,0,10.000000,-0.000033
1777586137.103539,-46.436427,-40.026432,-0.000084,7.675503,-20.800000,-40.000000,0.000000,0,10.000000,-0.000037
1777586137.133387,-46.204888,-40.022671,-0.000085,7.905387,-20.500000,-40.000000,0.000000,0,10.000000,-0.000034
1777586137.153423,-46.044134,-40.022539,-0.000086,8.057498,-20.300000,-40.000000,0.000000,0,10.000000,-0.000036
1777586137.183665,-45.799799,-40.030371,-0.000086,8.283960,-20.000000,-40.000000,0.000000,0,10.000000,0.004382
1777586137.203461,-45.637662,-40.032055,-0.000047,8.433804,-19.800000,-40.000000,0.000000,0,10.000000,0.004382
1777586137.233605,-45.374421,-40.032673,0.000076,8.656894,-19.500000,-40.000000,0.000000,0,10.000000,0.004385
1777586137.253351,-45.198833,-40.029261,0.000159,8.804510,-19.300000,-40.000000,0.000000,0,10.000000,0.004389
1777586137.283447,-44.929612,-40.033595,0.000287,9.024278,-19.000000,-40.000000,0.000000,0,10.000000,0.004389
1777586137.303392,-44.743390,-40.032159,0.000374,9.169696,-18.800000,-40.000000,0.000000,0,10.000000,0.004392
1777586137.333476,-44.464459,-40.030858,0.000508,9.386193,-18.500000,-40.000000,0.000000,0,10.000000,0.004397
1777586137.353502,-44.275472,-40.027201,0.000598,9.529446,-18.300000,-40.000000,0.000000,0,10.000000,-0.000021
1777586137.383617,-43.987242,-40.031429,0.000644,9.742722,-18.000000,-40.000000,0.000000,0,10.000000,-0.000032
1777586137.403455,-43.788739,-40.027836,0.000643,9.883842,-17.800000,-40.000000,0.000000,0,10.000000,-0.000021
1777586137.433458,-43.489088,-40.026513,0.000643,10.093941,-17.500000,-40.000000,0.000000,0,10.000000,-0.000018
1777586137.453354,-43.287845,-40.026917,0.000642,10.232959,-17.300000,-40.000000,0.000000,0,10.000000,-0.000019
1777586137.483403,-42.976644,-40.025595,0.000642,10.439930,-17.000000,-40.000000,0.000000,0,10.000000,-0.000016
1777586137.503479,-42.765783,-40.029009,0.000641,10.576879,-16.800000,-40.000000,0.000000,0,10.000000,-0.000022
1777586137.533484,-42.446176,-40.029552,0.000640,10.780768,-16.500000,-40.000000,0.000000,0,10.000000,-0.000023
1777586137.553444,-42.233105,-40.028943,0.000640,10.915679,-16.300000,-40.000000,0.000000,0,10.000000,-0.000021
1777586137.583805,-41.905816,-40.030715,0.000639,11.116532,-16.000000,-40.000000,0.000000,0,10.000000,-0.000023
1777586137.603451,-41.682496,-40.028376,0.000639,11.249434,-15.800000,-40.000000,0.000000,0,10.000000,-0.000018
1777586137.633492,-41.340291,-40.025567,0.000638,11.447297,-15.500000,-40.000000,0.000000,0,10.000000,-0.000012
1777586137.653562,-41.110544,-40.027421,0.000637,11.578221,-15.300000,-40.000000,0.000000,0,10.000000,-0.000015
1777586137.683460,-40.757837,-40.028282,0.000637,11.773138,-15.000000,-40.000000,0.000000,0,10.000000,-0.000015
1777586137.703672,-40.519658,-40.026187,0.000637,11.902112,-14.800000,-40.000000,0.000000,0,10.000000,-0.000011
1777586137.733846,-40.164972,-40.026044,0.000636,12.094128,-14.500000,-40.000000,0.000000,0,10.000000,-0.000011
1777586137.753537,-39.922852,-40.028710,0.000636,12.221181,-14.300000,-40.000000,0.000000,0,10.000000,-0.000014
1777586137.783448,-39.553561,-40.026874,0.000635,12.410338,-14.000000,-40.000000,0.000000,0,10.000000,-0.000011
1777586137.803538,-39.304757,-40.022845,0.000635,12.535500,-13.800000,-40.000000,0.000000,0,10.000000,-0.000006
1777586137.833525,-38.921163,-40.019671,0.000635,12.721841,-13.500000,-40.000000,0.000000,0,10.000000,-0.000002
1777586137.853671,-38.663007,-40.019063,0.000635,12.845140,-13.300000,-40.000000,0.000000,0,10.000000,-0.000002
1777586137.883585,-38.270610,-40.021568,0.000634,13.028706,-13.000000,-40.000000,0.000000,0,10.000000,-0.000003
1777586137.903546,-38.013247,-40.020750,0.000634,13.150169,-12.800000,-40.000000,0.000000,0,10.000000,-0.000003
1777586137.933426,-37.616331,-40.017350,0.000634,13.331003,-12.500000,-40.000000,0.000000,0,10.000000,-0.000000
1777586137.953421,-37.350515,-40.015622,0.000634,13.450657,-12.300000,-40.000000,0.000000,0,10.000000,0.000001
1777586137.983511,-36.946140,-40.015835,0.000634,13.628799,-12.000000,-40.000000,0.000000,0,10.000000,0.000001
1777586138.003384,-36.672746,-40.018313,0.000634,13.746672,-11.800000,-40.000000,0.000000,0,10.000000,-0.000000
1777586138.033450,-36.255212,-40.016914,0.000634,13.922161,-11.500000,-40.000000,0.000000,0,10.000000,0.000000
1777586138.053511,-35.977245,-40.013223,0.000634,14.038279,-11.300000,-40.000000,0.000000,0,10.000000,0.000002
1777586138.083372,-35.557113,-40.011486,0.000634,14.211156,-11.000000,-40.000000,0.000000,0,10.000000,-0.004435
1777586138.103338,-35.273323,-40.012521,0.000565,14.325541,-10.800000,-40.000000,0.000000,0,10.000000,0.000003
1777586138.133449,-34.845102,-40.015655,0.000496,14.495848,-10.500000,-40.000000,0.000000,0,10.000000,-0.000010
1777586138.153450,-34.550900,-40.017598,0.000496,14.608534,-10.300000,-40.000000,0.000000,0,10.000000,-0.000012
1777586138.183691,-34.113437,-40.018329,0.000495,14.776301,-10.000000,-40.000000,0.000000,0,10.000000,-0.000011
1777586138.203442,-33.815641,-40.017229,0.000495,14.887310,-9.800000,-40.000000,0.000000,0,10.000000,-0.000009
1777586138.233561,-33.357428,-40.011692,0.000494,15.052580,-9.500000,-40.000000,0.000000,0,10.000000,0.000000
1777586138.253384,-33.059350,-40.009604,0.000494,15.161936,-9.300000,-40.000000,0.000000,0,10.000000,0.000003
1777586138.283485,-32.603832,-40.009353,0.000494,15.324744,-9.000000,-40.000000,0.000000,0,10.000000,0.000003
1777586138.303477,-32.297911,-40.006773,0.000494,15.432473,-8.800000,-40.000000,0.000000,0,10.000000,0.000006
1777586138.333403,-31.823586,-40.003001,0.000495,15.592857,-8.500000,-40.000000,0.000000,0,10.000000,0.000009
1777586138.353698,-31.510844,-40.005854,0.000495,15.698982,-8.300000,-40.000000,0.000000,0,10.000000,0.000006
1777586138.383793,-31.037300,-40.011187,0.000495,15.856979,-8.000000,-40.000000,0.000000,0,10.000000,0.000001
1777586138.403606,-30.717708,-40.010868,0.000495,15.961523,-7.800000,-40.000000,0.000000,0,10.000000,0.000000
1777586138.433529,-30.237423,-40.011903,0.000495,16.117168,-7.500000,-40.000000,0.000000,0,10.000000,-0.000002
1777586138.453576,-29.913647,-40.011744,0.000495,16.220155,-7.300000,-40.000000,0.000000,0,10.000000,-0.000001
1777586138.483534,-29.421555,-40.011546,0.000495,16.373483,-7.000000,-40.000000,0.000000,0,10.000000,-0.000001
1777586138.503517,-29.097830,-40.010480,0.000495,16.474937,-6.800000,-40.000000,0.000000,0,10.000000,0.000001
1777586138.533531,-28.604307,-40.013416,0.000495,16.625982,-6.500000,-40.000000,0.000000,0,10.000000,-0.000003
1777586138.553467,-28.268454,-40.010503,0.000495,16.725926,-6.300000,-40.000000,0.000000,0,10.000000,0.000001
1777586138.583362,-27.766116,-40.012032,0.000495,16.874722,-6.000000,-40.000000,0.000000,0,10.000000,-0.000001
1777586138.603419,-27.429018,-40.012591,0.000495,16.973178,-5.800000,-40.000000,0.000000,0,10.000000,0.004438
1777586138.633844,-26.919363,-40.011185,0.000660,17.119754,-5.500000,-40.000000,0.000000,0,10.000000,0.000007
1777586138.653822,-26.576957,-40.012761,0.000744,17.216749,-5.300000,-40.000000,0.000000,0,10.000000,0.000006
1777586138.683882,-26.060273,-40.013534,0.000744,17.361148,-5.000000,-40.000000,0.000000,0,10.000000,0.000004
1777586138.703789,-25.708578,-40.012444,0.000744,17.456694,-4.800000,-40.000000,0.000000,0,10.000000,0.000005
1777586138.733801,-25.181414,-40.009291,0.000744,17.598943,-4.500000,-40.000000,0.000000,0,10.000000,0.000008
1777586138.753822,-24.829517,-40.006515,0.000745,17.693066,-4.300000,-40.000000,0.000000,0,10.000000,-0.004435
1777586138.783885,-24.293835,-40.006488,0.000573,17.833192,-4.000000,-40.000000,0.000000,0,10.000000,0.000015
1777586138.803652,-23.937952,-40.007488,0.000487,17.925920,-3.800000,-40.000000,0.000000,0,10.000000,0.000005
1777586138.833612,-23.396495,-40.006949,0.000487,18.063964,-3.500000,-40.000000,0.000000,0,10.000000,0.000005
1777586138.853568,-23.038680,-40.004195,0.000487,18.155306,-3.300000,-40.000000,0.000000,0,10.000000,0.000008
1777586138.883501,-22.492295,-40.009924,0.000488,18.291296,-3.000000,-40.000000,0.000000,0,10.000000,0.000000
1777586138.903479,-22.125969,-40.009805,0.000488,18.381278,-2.800000,-40.000000,0.000000,0,10.000000,-0.000003
1777586138.933454,-21.573895,-40.001046,0.000488,18.515242,-2.500000,-40.000000,0.000000,0,10.000000,0.000019
1777586138.953503,-21.204274,-40.001773,0.000488,18.603885,-2.300000,-40.000000,0.000000,0,10.000000,0.000014
1777586138.983499,-20.648746,-40.000937,0.000489,18.735855,-2.000000,-40.000000,0.000000,0,10.000000,0.000012
1777586139.003439,-20.275327,-40.001220,0.000490,18.823178,-1.800000,-40.000000,0.000000,0,10.000000,-0.004437
1777586139.033522,-19.708827,-40.002263,0.000307,18.953177,-1.500000,-40.000000,0.000000,0,10.000000,0.000009
1777586139.053499,-19.332176,-40.004506,0.000215,19.039206,-1.300000,-40.000000,0.000000,0,10.000000,-0.000001
1777586139.083590,-18.759350,-40.002799,0.000215,19.167276,-1.000000,-40.000000,0.000000,0,10.000000,0.000002
1777586139.103538,-18.371427,-40.003637,0.000215,19.252017,-0.800000,-40.000000,0.000000,0,10.000000,-0.000000
1777586139.133481,-17.790828,-39.999070,0.000215,19.378181,-0.500000,-40.000000,0.000000,0,10.000000,0.000010
1777586139.153449,-17.403729,-40.001529,0.000215,19.461661,-0.300000,-40.000000,0.000000,0,10.000000,0.000004
1777586139.183735,-16.815802,-40.001433,0.000216,19.585946,0.000000,-40.000000,0.000000,0,10.000000,0.000013
1777586139.203568,-16.426798,-40.001323,0.000216,19.668183,0.200000,-40.000000,0.000000,0,10.000000,0.000008
1777586139.233384,-15.838385,-39.998723,0.000217,19.790618,0.500000,-40.000000,0.000000,0,10.000000,0.000011
1777586139.253400,-15.448273,-39.996735,0.000217,19.871631,0.700000,-40.000000,0.000000,0,10.000000,-0.004444
1777586139.283516,-14.851446,-39.992916,0.000024,19.992237,1.000000,-40.000000,0.000000,0,10.000000,0.000023
1777586139.303527,-14.456607,-39.992379,-0.000073,20.072049,1.200000,-40.000000,0.000000,0,10.000000,0.000015
1777586139.333435,-13.852236,-39.992337,-0.000071,20.190866,1.500000,-40.000000,0.000000,0,10.000000,0.000026
1777586139.353699,-13.445586,-39.989779,-0.000070,20.269484,1.700000,-40.000000,0.000000,0,10.000000,0.000025
1777586139.383618,-12.838826,-39.987015,-0.000069,20.386531,2.000000,-40.000000,0.000000,0,10.000000,-0.004424
1777586139.403473,-12.431799,-39.984316,-0.000167,20.463974,2.200000,-40.000000,0.000000,0,10.000000,0.000042
1777586139.433440,-11.816890,-39.981011,-0.000264,20.579284,2.500000,-40.000000,0.000000,0,10.000000,-0.004418
1777586139.453444,-11.407630,-39.981151,-0.000362,20.655573,2.700000,-40.000000,0.000000,0,10.000000,0.000043
1777586139.483525,-10.788065,-39.982353,-0.000460,20.769167,3.000000,-40.000000,0.000000,0,10.000000,0.000058
1777586139.503453,-10.376933,-39.980850,-0.000458,20.844327,3.200000,-40.000000,0.000000,0,10.000000,-0.004469
1777586139.533406,-9.746752,-39.979545,-0.000660,20.956217,3.500000,-40.000000,0.000000,0,9.900576,0.000048
1777586139.553358,-9.325595,-39.980028,-0.000762,21.028281,3.700000,-40.000000,0.000000,0,9.460246,-0.004450
1777586139.583394,-8.703996,-39.978415,-0.000965,21.122403,4.000000,-40.000000,0.000000,0,8.845404,-0.004473
1777586139.603493,-8.277507,-39.976315,-0.001171,21.172427,4.200000,-40.000000,0.000000,0,8.353687,0.000048
1777586139.633459,-7.643212,-39.977291,-0.001272,21.232222,4.500000,-40.000000,0.000000,0,7.694448,0.000043
1777586139.653440,-7.223497,-39.980387,-0.001270,21.258639,4.700000,-40.000000,0.000000,0,7.258301,-0.004491
1777586139.683439,-6.586478,-39.985936,-0.001478,21.284935,5.000000,-40.000000,0.000000,0,6.590733,-0.000029
1777586139.703389,-6.165946,-39.983160,-0.001583,21.289034,5.200000,-40.000000,0.000000,0,6.119496,-0.000014
1777586139.733382,-5.526141,-39.985657,-0.001584,21.281054,5.500000,-40.000000,0.000000,0,5.440925,-0.000024
1777586139.753409,-5.102419,-39.987015,-0.001585,21.262242,5.700000,-40.000000,0.000000,0,5.009071,-0.000032
1777586139.783352,-4.469472,-39.987609,-0.001587,21.221339,6.000000,-40.000000,0.000000,0,4.361872,-0.000054
1777586139.803431,-4.046369,-39.987981,-0.001589,21.181368,6.200000,-40.000000,0.000000,0,3.889952,0.004515
1777586139.833555,-3.410875,-39.983078,-0.001382,21.107759,6.500000,-40.000000,0.000000,0,3.220646,0.000020
1777586139.915205,-2.989356,-39.985944,-0.001278,21.045719,6.700000,-40.000000,0.000000,1,0.299155,0.722480
1777586139.977569,-2.989356,-39.985944,-0.001278,21.045719,6.700000,-40.000000,0.000000,1,0.211136,0.755654
1777586140.039832,-2.366336,-39.986137,-0.001276,20.953343,7.000000,-40.000000,0.000000,1,0.137478,-0.089411
1777586140.101630,-1.115279,-39.937982,0.031858,20.514251,7.600000,-40.000000,0.000000,1,0.841246,-0.126777
1777586140.162732,0.088900,-39.676396,0.131664,20.147147,8.200000,-40.000000,0.000000,1,-0.272120,-0.412719
1777586140.224674,1.455294,-39.329690,0.193429,19.916789,8.900000,-40.000000,0.000000,1,-0.244835,0.084084
1777586140.285732,2.625978,-39.126978,0.179458,19.595232,9.500000,-40.000000,0.000000,1,-0.300000,0.469515
1777586140.367802,3.779273,-38.972696,0.151189,19.216675,10.100000,-40.000000,0.000000,1,-0.135280,0.741795
1777586140.428854,5.288874,-38.820736,0.123498,18.788075,10.900000,-40.000000,0.000000,1,0.543454,-0.279098
1777586140.490065,6.390225,-38.593345,0.165161,18.374897,11.500000,-40.000000,0.000000,1,0.542938,0.114408
1777586140.551027,7.439351,-38.277117,0.232696,17.939132,12.100000,-40.000000,0.000000,1,-0.097295,0.638187
1777586140.612103,8.452635,-37.927413,0.280852,17.763999,12.700000,-40.000000,0.000000,1,0.290222,0.450154
1777586140.673528,9.645036,-37.623630,0.265830,17.449743,13.400000,-40.000000,0.000000,1,-0.041580,0.395762
1777586140.734481,10.630722,-37.269076,0.308694,17.039755,14.000000,-40.000000,0.000000,1,0.016714,-1.000000
1777586140.795530,11.547911,-36.837091,0.369777,16.799781,14.600000,-40.000000,0.000000,1,-0.217567,-0.491058
1777586140.878087,12.439563,-36.382863,0.417259,16.519266,15.200000,-40.000000,0.000000,1,0.115661,0.122277
1777586140.879811,13.648776,-35.924876,0.373000,15.904823,16.000000,-40.000000,0.000000,0,10.000000,-1.000000
1777586140.880814,13.808837,-35.893948,0.354936,15.857344,16.100000,-40.000000,0.000000,0,6.426976,-1.000000
1777586140.881801,13.965997,-35.867145,0.336928,16.007488,16.200000,-40.000000,0.000000,0,-0.300000,-1.000000
1777586140.882782,14.122665,-35.831233,0.328282,15.957373,16.300000,-40.000000,0.000000,0,-0.300000,-1.000000
1777586140.883909,14.279460,-35.793126,0.319663,15.907409,16.400000,-40.000000,0.000000,0,-0.300000,-1.000000
1777586140.945387,14.434834,-35.753723,0.311071,15.857593,16.500000,-40.000000,0.000000,1,-0.105935,0.026055
1777586141.006552,14.744577,-35.682835,0.293968,15.758411,16.700000,-40.000000,0.000000,1,0.114676,-0.605672
1777586141.067872,15.682540,-35.554087,0.216165,15.268179,17.300000,-40.000000,0.000000,1,-0.226113,-1.000000
1777586141.128802,16.604689,-35.509579,0.148010,15.229907,17.900000,-40.000000,0.000000,1,-0.098044,0.616146
1777586141.189929,17.512231,-35.402614,0.129721,14.873269,18.500000,-40.000000,0.000000,1,-0.000894,-0.325840
1777586141.250871,18.398591,-35.437261,0.057075,14.451109,19.100000,-40.000000,0.000000,1,-0.140457,-0.601104
1777586141.311881,19.259365,-35.505461,0.011367,14.331574,19.700000,-40.000000,0.000000,1,0.443421,0.160283
1777586141.373082,20.245077,-35.432732,0.035104,14.133667,20.400000,-40.000000,0.000000,1,0.381538,-0.163346
1777586141.455316,21.084847,-35.481835,-0.007556,13.779008,21.000000,-40.000000,0.000000,1,0.130072,0.410293
1777586141.456654,22.182551,-35.533386,-0.023006,13.546600,21.800000,-40.000000,0.000000,1,1.453400,-0.500000
1777586141.457490,22.318608,-35.530209,-0.020638,13.510447,21.900000,-40.000000,0.000000,1,1.489553,-0.500000
1777586141.458282,22.453613,-35.526990,-0.018277,13.473580,22.000000,-40.000000,0.000000,1,1.526420,-0.500000
1777586141.519798,22.589912,-35.534965,-0.020677,13.437028,22.100000,-40.000000,0.000000,1,0.190167,-0.144547
1777586141.521143,22.985392,-35.558761,-0.027838,13.328028,22.400000,-40.000000,0.000000,1,1.671972,-0.500000
1777586141.521992,23.118904,-35.565909,-0.030212,13.291911,22.500000,-40.000000,0.000000,1,1.708089,-0.500000
1777586141.522922,23.250916,-35.572596,-0.032580,13.255904,22.600000,-40.000000,0.000000,1,1.744096,-0.500000
1777586141.523741,23.383262,-35.581303,-0.034941,13.220004,22.700000,-40.000000,0.000000,1,1.779996,-0.500000
1777586141.524540,23.516665,-35.590680,-0.037297,13.150004,22.800000,-40.000000,0.000000,1,1.849996,-0.500000
1777586141.525315,23.647323,-35.609330,-0.044537,13.125796,22.900000,-40.000000,0.000000,1,1.874204,-0.500000
1777586141.526110,23.777748,-35.626342,-0.051763,13.101660,23.000000,-40.000000,0.000000,1,1.898340,-0.500000
1777586141.526891,23.905909,-35.641770,-0.058975,13.077596,23.100000,-40.000000,0.000000,1,1.922404,-0.500000
1777586141.533315,24.419926,-35.729117,-0.087696,12.987800,23.500000,-40.000000,0.000000,1,2.012200,-0.478343
1777586141.553435,24.681004,-35.777699,-0.101676,12.954390,23.700000,-40.000000,0.000000,1,2.045610,-0.448176
1777586141.583432,25.068306,-35.851779,-0.121234,12.904851,24.000000,-40.000000,0.000000,1,2.095149,-0.401861
1777586141.603453,25.319225,-35.900645,-0.133277,12.877209,24.200000,-40.000000,0.000000,1,2.122791,-0.371338
1777586141.633460,25.701244,-35.986771,-0.149422,12.829777,24.500000,-40.000000,0.000000,1,2.170223,-0.316180
1777586141.653534,25.956171,-36.039524,-0.159081,12.803722,24.700000,-40.000000,0.000000,1,2.196278,-0.281673
1777586141.683418,26.326470,-36.119649,-0.171388,12.758554,25.000000,-40.000000,0.000000,1,2.241446,-0.229227
1777586141.703629,26.576932,-36.176591,-0.178511,12.732113,25.200000,-40.000000,0.000000,1,2.267887,-0.191248
1777586141.733509,26.950154,-36.261354,-0.187008,12.688819,25.500000,-40.000000,0.000000,1,2.311181,-0.133649
1777586141.753461,27.201801,-36.320174,-0.191506,12.662595,25.700000,-40.000000,0.000000,1,2.337405,-0.092992
1777586141.783478,27.574368,-36.401865,-0.195917,12.620706,26.000000,-40.000000,0.000000,1,2.379294,-0.035818
1777586141.803450,27.817558,-36.456660,-0.197689,12.594059,26.200000,-40.000000,0.000000,1,2.405941,0.002449
1777586141.833441,28.187883,-36.530547,-0.198114,12.553318,26.500000,-40.000000,0.000000,1,2.446682,0.055496
1777586141.853504,28.439513,-36.575218,-0.197321,12.526424,26.700000,-40.000000,0.000000,1,2.473576,0.087745
1777586141.883528,28.802361,-36.646344,-0.194170,12.487184,27.000000,-40.000000,0.000000,1,2.512816,0.137401
1777586141.903563,29.050862,-36.687740,-0.191105,12.460460,27.200000,-40.000000,0.000000,1,2.539540,0.100287
1777586141.933465,29.418623,-36.756507,-0.186514,12.426314,27.500000,-40.000000,0.000000,1,2.573686,0.068501
1777586141.953455,29.662298,-36.796405,-0.184227,12.404305,27.700000,-40.000000,0.000000,1,2.595695,0.043459
1777586141.983488,30.028701,-36.861476,-0.182127,12.371212,28.000000,-40.000000,0.000000,1,2.628788,-0.003366
1777586142.003452,30.271666,-36.903613,-0.181586,12.349977,28.200000,-40.000000,0.000000,1,2.650023,-0.026566
1777586142.033431,30.630974,-36.970273,-0.182346,12.318340,28.500000,-40.000000,0.000000,1,2.681660,-0.059075
1777586142.053411,30.875122,-37.019243,-0.183495,12.297601,28.700000,-40.000000,0.000000,1,2.702399,-0.077593
1777586142.083473,31.237929,-37.092197,-0.186367,12.267650,29.000000,-40.000000,0.000000,1,2.732350,-0.093130
1777586142.103464,31.478301,-37.141770,-0.188650,12.248248,29.200000,-40.000000,0.000000,1,2.751752,-0.097817
1777586142.133381,31.833147,-37.220413,-0.192505,12.220513,29.500000,-40.000000,0.000000,1,2.779487,-0.102270
1777586142.153545,32.068456,-37.272579,-0.195171,12.202658,29.700000,-40.000000,0.000000,1,2.797342,-0.103438
1777586142.183614,32.422570,-37.350582,-0.199284,12.176813,30.000000,-40.000000,0.000000,1,2.823187,-0.112023
1777586142.203501,32.655632,-37.406228,-0.202145,12.159913,30.200000,-40.000000,0.000000,1,2.840087,-0.104090
1777586142.233506,33.012792,-37.487714,-0.206390,12.136087,30.500000,-40.000000,0.000000,1,2.863913,-0.122439
1777586142.253542,33.247363,-37.541378,-0.209389,12.119817,30.700000,-40.000000,0.000000,1,2.880183,-0.128578
1777586142.283567,33.602237,-37.623061,-0.214406,12.096941,31.000000,-40.000000,0.000000,1,2.903059,-0.138932
1777586142.303554,33.839882,-37.681073,-0.217936,12.081939,31.200000,-40.000000,0.000000,1,2.918061,-0.145514
1777586142.333567,34.185145,-37.763797,-0.223602,12.060468,31.500000,-40.000000,0.000000,1,2.939532,-0.152811
1777586142.353458,34.419553,-37.824802,-0.227528,12.046517,31.700000,-40.000000,0.000000,1,2.953483,-0.156803
1777586142.383683,34.771915,-37.921221,-0.233658,12.026533,32.000000,-40.000000,0.000000,1,2.973467,-0.171546
1777586142.403449,34.997398,-37.984314,-0.237968,12.012970,32.200000,-40.000000,0.000000,1,2.987030,-0.171583
1777586142.433489,35.344742,-38.077353,-0.244716,11.994505,32.500000,-40.000000,0.000000,1,3.005495,-0.175706
1777586142.453453,35.574036,-38.140688,-0.249263,11.982394,32.700000,-40.000000,0.000000,1,3.017606,-0.186804
1777586142.483509,35.918974,-38.241283,-0.256447,11.964380,33.000000,-40.000000,0.000000,1,3.035620,-0.196105
1777586142.503575,36.147092,-38.312412,-0.261450,11.952655,33.200000,-40.000000,0.000000,1,3.047345,-0.192207
1777586142.533623,36.496465,-38.418794,-0.269025,11.936797,33.500000,-40.000000,0.000000,1,3.063203,-0.182964
1777586142.553602,36.722772,-38.491565,-0.273915,11.927070,33.700000,-40.000000,0.000000,1,3.072930,-0.172122
1777586142.583445,37.064310,-38.596962,-0.280779,11.912637,34.000000,-40.000000,0.000000,1,3.087363,-0.164207
1777586142.603391,37.291022,-38.673613,-0.285153,11.903394,34.200000,-40.000000,0.000000,1,3.096606,-0.162407
1777586142.633583,37.627423,-38.786814,-0.291506,11.889294,34.500000,-40.000000,0.000000,1,3.110706,-0.161078
1777586142.653705,37.850026,-38.866243,-0.295704,11.880253,34.700000,-40.000000,0.000000,1,3.119747,-0.158168
1777586142.683515,38.186824,-38.981458,-0.301894,11.867114,35.000000,-40.000000,0.000000,1,3.132886,-0.157037
1777586142.703468,38.409687,-39.058577,-0.305977,11.858636,35.200000,-40.000000,0.000000,1,3.141364,-0.166740
1777586142.733429,38.741310,-39.174299,-0.312325,11.845601,35.500000,-40.000000,0.000000,1,3.154399,-0.176257
1777586142.753436,38.965854,-39.253039,-0.316761,11.837022,35.700000,-40.000000,0.000000,1,3.162978,-0.185896
1777586142.783565,39.305412,-39.374429,-0.323843,11.824754,36.000000,-40.000000,0.000000,1,3.175246,-0.215390
1777586142.803440,39.520899,-39.453228,-0.329026,11.815158,36.200000,-40.000000,0.000000,1,3.184842,-0.224567
1777586142.833647,39.853612,-39.583943,-0.337603,11.803617,36.500000,-40.000000,0.000000,1,3.196383,-0.259530
1777586142.853486,40.071481,-39.673700,-0.343849,11.793630,36.700000,-40.000000,0.000000,1,3.206370,-0.213321
1777586142.883713,40.394812,-39.807149,-0.352694,11.787576,37.000000,-40.000000,0.000000,1,3.212424,-0.126520
1777586142.903546,40.613826,-39.896776,-0.357070,11.786390,37.200000,-40.000000,0.000000,1,3.213610,-0.067841
1777586142.933468,40.938521,-40.023028,-0.360441,11.778789,37.500000,-40.000000,0.000000,1,3.221211,0.015155
1777586142.953467,41.162800,-40.103139,-0.361118,11.773339,37.700000,-40.000000,0.000000,1,3.226661,0.067897
1777586142.983452,41.496282,-40.221694,-0.359180,11.763435,38.000000,-40.000000,0.000000,1,3.236565,0.145827
1777586143.003463,41.720942,-40.300022,-0.356437,11.754611,38.200000,-40.000000,0.000000,1,3.245389,0.197128
1777586143.033517,42.049496,-40.419006,-0.349507,11.743028,38.500000,-40.000000,0.000000,1,3.256972,0.274540
1777586143.053533,42.275695,-40.491874,-0.343453,11.731111,38.700000,-40.000000,0.000000,1,3.268889,0.321516
1777586143.083571,42.615366,-40.591128,-0.331674,11.718461,39.000000,-40.000000,0.000000,1,3.281539,0.384655
1777586143.103484,42.835273,-40.656949,-0.322605,11.705606,39.200000,-40.000000,0.000000,1,3.294394,0.426053
1777586143.133509,43.179159,-40.739463,-0.306713,11.692783,39.500000,-40.000000,0.000000,1,3.307217,0.476873
1777586143.153775,43.406464,-40.790675,-0.295105,11.680208,39.700000,-40.000000,0.000000,1,3.319792,0.500000
1777586143.183640,43.751428,-40.857309,-0.276110,11.670211,40.000000,-40.000000,0.000000,1,3.329789,0.500000
1777586143.203435,43.977811,-40.897952,-0.263251,11.666540,40.200000,-40.000000,0.000000,1,3.333460,0.500000
1777586143.233462,44.326571,-40.956913,-0.243970,11.661182,40.500000,-40.000000,0.000000,1,3.338818,0.500000
1777586143.253451,44.558950,-40.990274,-0.231120,11.657744,40.700000,-40.000000,0.000000,1,3.342256,0.500000
1777586143.283458,44.904301,-41.038084,-0.211854,11.652727,41.000000,-40.000000,0.000000,1,3.347273,0.500000
1777586143.303465,45.139455,-41.068910,-0.199014,11.649507,41.200000,-40.000000,0.000000,1,3.350493,0.500000
1777586143.333431,45.488384,-41.101250,-0.179760,11.644809,41.500000,-40.000000,0.000000,1,3.355191,0.500000
1777586143.353401,45.724743,-41.118948,-0.166929,11.641794,41.700000,-40.000000,0.000000,1,3.358206,0.500000
1777586143.383444,46.076102,-41.147251,-0.147688,11.637395,42.000000,-40.000000,0.000000,1,3.362605,0.500000
1777586143.403446,46.309113,-41.153776,-0.134864,11.634571,42.200000,-40.000000,0.000000,1,3.365429,0.500000
1777586143.433411,46.658669,-41.163863,-0.115635,11.630451,42.500000,-40.000000,0.000000,1,3.369549,0.500000
1777586143.453541,46.889372,-41.169589,-0.102819,11.627807,42.700000,-40.000000,0.000000,1,3.372193,0.500000
1777586143.483290,47.244558,-41.163927,-0.083601,11.623949,43.000000,-40.000000,0.000000,1,3.376051,0.500000
1777586143.503361,47.479008,-41.156631,-0.070792,11.621473,43.200000,-40.000000,0.000000,1,3.378527,0.500000
1777586143.533452,47.832246,-41.143928,-0.051584,11.617860,43.500000,-40.000000,0.000000,1,3.382140,0.500000
1777586143.553463,48.069284,-41.131880,-0.038782,11.615541,43.700000,-40.000000,0.000000,1,3.384459,0.500000
1777586143.583422,48.420569,-41.110859,-0.019583,11.612158,44.000000,-40.000000,0.000000,1,3.387842,0.500000
1777586143.603426,48.651374,-41.094564,-0.006788,11.609987,44.200000,-40.000000,0.000000,1,3.390013,0.500000
1777586143.633400,49.003594,-41.062192,0.012402,11.606819,44.500000,-40.000000,0.000000,1,3.393181,0.500000
1777586143.653548,49.238483,-41.037445,0.025192,11.604785,44.700000,-40.000000,0.000000,1,3.395215,0.500000
1777586143.683519,49.585346,-40.986479,0.044373,11.601818,45.000000,-40.000000,0.000000,1,3.398182,0.500000
1777586143.703434,49.815832,-40.953409,0.057158,11.599914,45.200000,-40.000000,0.000000,1,3.400086,0.500000
1777586143.733298,50.163674,-40.898135,0.076331,11.597136,45.500000,-40.000000,0.000000,1,3.402864,0.500000
1777586143.753335,50.395386,-40.862894,0.089110,11.595353,45.700000,-40.000000,0.000000,1,3.404647,0.500000
1777586143.783368,50.739217,-40.798856,0.108276,11.592751,46.000000,-40.000000,0.000000,1,3.407249,0.500000
1777586143.803328,50.965105,-40.749082,0.121051,11.591081,46.200000,-40.000000,0.000000,1,3.408919,0.480915
1777586143.833388,51.306416,-40.678729,0.139716,11.592057,46.500000,-40.000000,0.000000,1,3.407943,0.445850
1777586143.853452,51.533950,-40.625691,0.151541,11.596329,46.700000,-40.000000,0.000000,1,3.403671,0.419527
1777586143.883514,51.875870,-40.544014,0.167919,11.597895,47.000000,-40.000000,0.000000,1,3.402105,0.379925
1777586143.903587,52.097479,-40.488295,0.178102,11.601883,47.200000,-40.000000,0.000000,1,3.398117,0.353339
1777586143.933395,52.439547,-40.404375,0.191928,11.602702,47.500000,-40.000000,0.000000,1,3.397298,0.314657
1777586143.953580,52.658892,-40.347703,0.200423,11.605542,47.700000,-40.000000,0.000000,1,3.394458,0.288884
1777586143.983538,52.995766,-40.259284,0.211762,11.605566,48.000000,-40.000000,0.000000,1,3.394434,0.249519
1777586144.003479,53.223640,-40.201630,0.218599,11.607523,48.200000,-40.000000,0.000000,1,3.392477,0.225029
1777586144.033506,53.557780,-40.104775,0.227477,11.606815,48.500000,-40.000000,0.000000,1,3.393185,0.182727
1777586144.053483,53.785258,-40.043912,0.232649,11.608057,48.700000,-40.000000,0.000000,1,3.391943,0.157925
1777586144.083484,54.120035,-39.957171,0.238969,11.606802,49.000000,-40.000000,0.000000,1,3.393198,0.124505
1777586144.103427,54.342503,-39.892418,0.242548,11.606678,49.200000,-40.000000,0.000000,1,3.393322,0.098847
1777586144.133457,54.676231,-39.804576,0.246629,11.605020,49.500000,-40.000000,0.000000,1,3.394980,0.067487
1777586144.153467,54.899400,-39.750079,0.248735,11.604208,49.700000,-40.000000,0.000000,1,3.395792,0.050101
1777586144.183666,55.235231,-39.660803,0.250858,11.602009,50.000000,-40.000000,0.000000,1,3.397991,0.020951
1777586144.203539,55.462839,-39.602282,0.251757,11.600726,50.199999,-39.999500,0.005000,1,3.399274,0.003458
1777586144.233617,55.799236,-39.516768,0.252110,11.598383,50.499987,-39.996875,0.012500,1,3.401617,-0.020254
1777586144.253588,56.022783,-39.459592,0.251897,11.596759,50.699964,-39.993875,0.017500,1,3.403241,-0.035183
1777586144.283488,56.360479,-39.375615,0.250751,11.594349,50.999896,-39.987501,0.025000,1,3.405651,-0.054695
1777586144.304433,56.585954,-39.317839,0.249614,11.592589,51.099861,-39.984876,0.027500,1,3.407411,-0.067685
1777586144.334787,56.919768,-39.230013,0.247211,11.590202,51.499648,-39.971878,0.037500,1,3.409798,-0.086721
1777586144.353856,57.145554,-39.173759,0.245258,11.588337,51.699488,-39.963880,0.042500,1,3.411663,-0.096604
1777586144.383768,57.485355,-39.100163,0.241719,11.586069,51.999167,-39.950010,0.050000,1,3.413931,-0.103156
1777586144.403849,57.710193,-39.048094,0.239193,11.584594,52.198891,-39.939515,0.055000,1,3.415406,-0.108448
1777586144.433727,58.049759,-38.966581,0.235147,11.582589,52.498373,-39.921900,0.062500,1,3.417411,-0.116527
1777586144.453538,58.276555,-38.918060,0.232303,11.581111,52.697950,-39.908910,0.067500,1,3.418889,-0.117267
1777586144.483555,58.619672,-38.851092,0.227866,11.579404,52.997188,-39.887553,0.075000,1,3.420596,-0.112871
1777586144.503492,58.843162,-38.803315,0.224958,11.578507,53.196588,-39.872068,0.080000,1,3.421493,-0.111424
1777586144.533823,59.186442,-38.732606,0.220716,11.576990,53.495536,-39.846973,0.087500,1,3.423010,-0.105954
1777586144.553671,59.414112,-38.689682,0.217969,11.576188,53.694726,-39.828997,0.092500,1,3.423812,-0.098859
1777586144.583645,59.756937,-38.617842,0.214133,11.574962,53.993337,-39.800167,0.100000,1,3.425038,-0.090821
1777586144.603866,59.984709,-38.572854,0.211738,11.574275,54.192287,-39.779703,0.105000,1,3.425725,-0.082752
1777586144.633473,60.323445,-38.504191,0.208501,11.573119,54.490514,-39.747142,0.112500,1,3.426881,-0.070182
1777586144.653502,60.554422,-38.458258,0.206569,11.572552,54.689193,-39.724193,0.117500,1,3.427448,-0.059982
1777586144.683498,60.894762,-38.389998,0.204169,11.571455,54.986989,-39.687907,0.125000,1,3.428545,-0.043669
1777586144.703510,61.124195,-38.342925,0.202860,11.570894,55.185366,-39.662476,0.130000,1,3.429106,-0.032205
1777586144.733511,61.465008,-38.275211,0.201496,11.569785,55.482686,-39.622470,0.137500,1,3.430215,-0.012262
1777586144.753661,61.692558,-38.233157,0.200935,11.569129,55.680729,-39.594562,0.142500,1,3.430871,0.003980
1777586144.783533,62.036872,-38.170647,0.200881,11.567961,55.977525,-39.550843,0.150000,1,3.432039,0.030806
1777586144.803502,62.258166,-38.126912,0.201320,11.567032,56.175204,-39.520461,0.155000,1,3.432968,0.046961
1777586144.833723,62.601683,-38.061360,0.202893,11.565700,56.471431,-39.473036,0.162500,1,3.434300,0.074943
1777586144.853499,62.827721,-38.012206,0.204431,11.564391,56.668714,-39.440186,0.167500,1,3.435609,0.090846
1777586144.883491,63.164735,-37.940442,0.207670,11.562910,56.964326,-39.389062,0.175000,1,3.437090,0.116919
1777586144.903466,63.395307,-37.891251,0.210291,11.561313,57.161183,-39.353748,0.180000,1,3.438687,0.135733
1777586144.933586,63.736566,-37.805616,0.215192,11.559565,57.456132,-39.298933,0.187500,1,3.440435,0.157588
1777586144.953547,63.960717,-37.752895,0.218894,11.557867,57.652533,-39.261161,0.192500,1,3.442133,0.174977
1777586144.983584,64.296343,-37.667570,0.225300,11.556053,57.946773,-39.202663,0.200000,1,3.443947,0.198733
1777586145.003539,64.515421,-37.610006,0.230017,11.553996,58.142686,-39.162439,0.205000,1,3.446004,0.214080
1777586145.033486,64.849761,-37.515878,0.237931,11.552209,58.436173,-39.100268,0.212500,1,3.447791,0.235298
1777586145.053490,65.069082,-37.453437,0.243605,11.550116,58.631568,-39.057599,0.217500,1,3.449884,0.249746
1777586145.083574,65.402067,-37.354278,0.252885,11.548334,58.924254,-38.991764,0.225000,1,3.451666,0.270599
1777586145.103471,65.621561,-37.283167,0.259457,11.546087,59.119101,-38.946656,0.230000,1,3.453913,0.281996
1777586145.133444,65.955913,-37.170840,0.270001,11.544557,59.410942,-38.877168,0.237500,1,3.455443,0.298553
1777586145.153411,66.173515,-37.096184,0.277337,11.542606,59.605209,-38.829627,0.242500,1,3.457394,0.309393
1777586145.183554,66.501962,-36.977231,0.288930,11.541131,59.896158,-38.756497,0.250000,1,3.458869,0.323657
1777586145.203465,66.711565,-36.897774,0.296932,11.539353,60.089816,-38.706532,0.255000,1,3.460647,0.331645
1777586145.233548,67.040815,-36.775554,0.309409,11.538219,60.379829,-38.629770,0.262500,1,3.461781,0.347205
1777586145.253453,67.251363,-36.688457,0.317993,11.536225,60.572847,-38.577388,0.267500,1,3.463775,0.353056
1777586145.283284,67.571852,-36.554609,0.331314,11.535388,60.861877,-38.497008,0.275000,1,3.464612,0.362747
1777586145.303401,67.786982,-36.458255,0.340368,11.534096,61.054226,-38.442218,0.280000,1,3.465904,0.366667
1777586145.333410,68.102372,-36.322107,0.354233,11.533546,61.342229,-38.358230,0.287500,1,3.466454,0.376703
1777586145.353450,68.312009,-36.225115,0.363638,11.532196,61.533878,-38.301040,0.292500,1,3.467804,0.380781
1777586145.383606,68.629317,-36.072179,0.378041,11.531660,61.820808,-38.213460,0.300000,1,3.468340,0.385149
1777586145.403553,68.837327,-35.973723,0.387733,11.531084,62.011727,-38.153878,0.305000,1,3.468916,0.390007
1777586145.433354,69.143638,-35.816857,0.402479,11.530459,62.297541,-38.062718,0.312500,1,3.469541,0.392154
1777586145.453478,69.352166,-35.709058,0.412378,11.530204,62.487700,-38.000755,0.317500,1,3.469796,0.394138
1777586145.483473,69.664430,-35.547195,0.427319,11.530000,62.772351,-37.906029,0.325000,1,3.470000,0.398461
1777586145.503368,69.865195,-35.432702,0.437351,11.529440,62.961721,-37.841694,0.330000,1,3.470560,0.396627
1777586145.533435,70.165935,-35.268223,0.452436,11.529799,63.245167,-37.743417,0.337500,1,3.470201,0.399183
1777586145.553407,70.365785,-35.153134,0.462510,11.529491,63.433717,-37.676720,0.342500,1,3.470509,0.398815
1777586145.583534,70.661378,-34.971338,0.477660,11.529638,63.715912,-37.574909,0.350000,1,3.470362,0.393658
1777586145.603509,70.853609,-34.850562,0.487691,11.530431,63.903615,-37.505860,0.355000,1,3.469569,0.389959
1777586145.633579,71.140408,-34.670651,0.502545,11.531015,64.184515,-37.400529,0.362500,1,3.468985,0.386090
1777586145.653564,71.333615,-34.548031,0.512367,11.531584,64.371339,-37.329139,0.367500,1,3.468416,0.383759
1777586145.683509,71.622831,-34.348796,0.526966,11.531936,64.650901,-37.220305,0.375000,1,3.468064,0.373650
1777586145.703525,71.814708,-34.218519,0.536551,11.533319,64.836819,-37.146585,0.380000,1,3.466681,0.368986
1777586145.733487,72.102831,-34.024800,0.550615,11.533916,65.114998,-37.034266,0.387500,1,3.466084,0.364534
1777586145.753519,72.287857,-33.889601,0.559895,11.534474,65.299980,-36.958228,0.392500,1,3.465526,0.357116
1777586145.783499,72.564135,-33.690465,0.573540,11.535374,65.576734,-36.842440,0.400000,1,3.464626,0.348946
1777586145.803463,72.745260,-33.554524,0.582470,11.536349,65.760750,-36.764096,0.405000,1,3.463651,0.341823
1777586145.833514,73.016998,-33.350507,0.595528,11.537116,66.036035,-36.644857,0.412500,1,3.462884,0.332583
1777586145.853469,73.198247,-33.205211,0.604056,11.538139,66.219058,-36.564219,0.417500,1,3.461861,0.322769
1777586145.883686,73.476164,-32.996101,0.616421,11.539123,66.492831,-36.441549,0.425000,1,3.460877,0.316158
1777586145.903552,73.654039,-32.847760,0.624497,11.539748,66.674832,-36.358630,0.430000,1,3.460252,0.305674
1777586145.933597,73.917284,-32.633396,0.636218,11.540700,66.947050,-36.232547,0.437500,1,3.459300,0.294213
1777586145.953523,74.097447,-32.488343,0.643798,11.541767,67.128000,-36.147360,0.442500,1,3.458233,0.288193
1777586145.983417,74.365232,-32.266741,0.654797,11.542125,67.398621,-36.017884,0.450000,1,3.457875,0.277806
1777586146.003412,74.541928,-32.124092,0.661947,11.542987,67.578493,-35.930441,0.455000,1,3.457013,0.273698
1777586146.033441,74.795695,-31.893620,0.672370,11.543091,67.847474,-35.797593,0.462500,1,3.456909,0.256764
1777586146.053510,74.968019,-31.743398,0.679068,11.544487,68.026238,-35.707909,0.467500,1,3.455513,0.249304
1777586146.083360,75.232901,-31.512239,0.688606,11.544818,68.293538,-35.571709,0.475000,1,3.455182,0.239251
1777586146.103475,75.404721,-31.351204,0.694774,11.545458,68.471167,-35.479797,0.480000,1,3.454542,0.228442
1777586146.133723,75.658256,-31.114765,0.703560,11.545992,68.736744,-35.340267,0.487500,1,3.454008,0.214581
1777586146.153754,75.830098,-30.957400,0.709151,11.546829,68.913210,-35.246142,0.492500,1,3.453171,0.207577
1777586146.183948,76.091617,-30.719428,0.717098,11.546954,69.177022,-35.103302,0.500000,1,3.453046,0.199202
1777586146.203474,76.261611,-30.563711,0.722230,11.547291,69.352298,-35.006979,0.505000,1,3.452709,0.194299
1777586146.233451,76.511386,-30.319930,0.729646,11.547227,69.614303,-34.860854,0.512500,1,3.452773,0.181635
1777586146.253462,76.681054,-30.161125,0.734388,11.547801,69.788362,-34.762347,0.517500,1,3.452199,0.177207
1777586146.283563,76.925732,-29.919380,0.741149,11.547668,70.048520,-34.612958,0.525000,1,3.452332,0.166463
1777586146.303560,77.093143,-29.758141,0.745483,11.548048,70.221334,-34.512283,0.530000,1,3.451952,0.162037
1777586146.333541,77.340056,-29.523750,0.751669,11.547889,70.479605,-34.359654,0.537500,1,3.452111,0.158553
1777586146.353529,77.501131,-29.360861,0.755712,11.547814,70.651146,-34.256826,0.542500,1,3.452186,0.152765
1777586146.383639,77.742033,-29.114960,0.761564,11.547729,70.907489,-34.100981,0.550000,1,3.452271,0.144589
1777586146.403581,77.905738,-28.952969,0.765313,11.547893,71.077732,-33.996018,0.555000,1,3.452107,0.142323
1777586146.433618,78.155037,-28.708122,0.770724,11.547609,71.332107,-33.836980,0.562500,1,3.452391,0.141241
1777586146.453554,78.316050,-28.542134,0.774299,11.547405,71.501024,-33.729897,0.567500,1,3.452595,0.138119
1777586146.483613,78.555794,-28.294756,0.779562,11.547180,71.753392,-33.567692,0.575000,1,3.452820,0.134892
1777586146.503540,78.717149,-28.126774,0.783003,11.547089,71.920957,-33.458506,0.580000,1,3.452911,0.133108
1777586146.533556,78.955528,-27.874531,0.788059,11.546810,72.171277,-33.293159,0.587500,1,3.453190,0.130262
1777586146.553983,79.108865,-27.713957,0.791379,11.546707,72.337465,-33.181887,0.592500,1,3.453293,0.130119
1777586146.583848,79.350665,-27.464940,0.796301,11.546367,72.585699,-33.013425,0.600000,1,3.453633,0.133194
1777586146.603615,79.506066,-27.297931,0.799619,11.546001,72.750483,-32.900084,0.605000,1,3.453999,0.133243
1777586146.633540,79.740617,-27.039477,0.804657,11.545678,72.996592,-32.728532,0.612500,1,3.454322,0.132197
1777586146.653507,79.894455,-26.866585,0.808002,11.545522,73.159946,-32.613140,0.617500,1,3.454478,0.131142
1777586146.683695,80.126009,-26.605070,0.812974,11.545269,73.403891,-32.438525,0.625000,1,3.454731,0.130589
1777586146.703570,80.274616,-26.433613,0.816272,11.545100,73.565790,-32.321100,0.630000,1,3.454900,0.129758
1777586146.733675,80.503752,-26.171526,0.821188,11.544854,73.807534,-32.143450,0.637500,1,3.455146,0.130943
1777586146.753531,80.656575,-25.995194,0.824474,11.544616,73.967952,-32.024011,0.642500,1,3.455384,0.132163
1777586146.783576,80.884446,-25.728841,0.829455,11.544293,74.207456,-31.843352,0.650000,1,3.455707,0.134188
1777586146.803475,81.035399,-25.556229,0.832812,11.544029,74.366370,-31.721917,0.655000,1,3.455971,0.138062
1777586146.833636,81.264462,-25.297072,0.837982,11.543598,74.603597,-31.538279,0.662500,1,3.456402,0.146551
1777586146.853529,81.413609,-25.121560,0.841569,11.543019,74.760980,-31.414867,0.667500,1,3.456981,0.150463
1777586146.883647,81.633330,-24.855002,0.847208,11.542604,74.995893,-31.228278,0.675000,1,3.457396,0.154665
1777586146.903605,81.781935,-24.680472,0.851054,11.542246,75.151721,-31.102909,0.680000,1,3.457754,0.160707
1777586146.933576,82.004144,-24.403599,0.857054,11.541726,75.384283,-30.913398,0.687500,1,3.458274,0.165319
1777586146.953503,82.154097,-24.224110,0.861163,11.541349,75.538532,-30.786091,0.692500,1,3.458651,0.172232
1777586146.983544,82.369639,-23.948030,0.867588,11.540782,75.768707,-30.593687,0.700000,1,3.459218,0.177013
1777586147.003350,82.511570,-23.766578,0.871990,11.540396,75.921353,-30.464462,0.705000,1,3.459604,0.181299
1777586147.033434,82.730522,-23.496906,0.878792,11.540000,76.149105,-30.269197,0.712500,1,3.460000,0.193165
1777586147.053406,82.873281,-23.319210,0.883513,11.539141,76.300124,-30.138074,0.717500,1,3.460859,0.201214
1777586147.083506,83.079668,-23.039655,0.891021,11.538495,76.525418,-29.939977,0.725000,1,3.461505,0.206264
1777586147.103603,83.221109,-22.853722,0.896158,11.538088,76.674785,-29.806976,0.730000,1,3.461912,0.212753
1777586147.133510,83.418485,-22.570649,0.904124,11.537555,76.897585,-29.606079,0.737500,1,3.462445,0.215041
1777586147.153555,83.556363,-22.385667,0.909518,11.537357,77.045279,-29.471221,0.742500,1,3.462643,0.222069
1777586147.183691,83.756097,-22.100457,0.917830,11.536784,77.265550,-29.267555,0.750000,1,3.463216,0.227862
1777586147.203354,83.891047,-21.915898,0.923504,11.536314,77.411547,-29.130862,0.755000,1,3.463686,0.235527
1777586147.233389,84.087467,-21.634988,0.932318,11.535687,77.629255,-28.924458,0.762500,1,3.464313,0.244028
1777586147.253966,84.210085,-21.442242,0.938367,11.534979,77.773532,-28.785950,0.767500,1,3.465021,0.244545
1777586147.283881,84.399573,-21.150818,0.947614,11.534975,77.988643,-28.576841,0.775000,1,3.465025,0.248980
1777586147.303895,84.523693,-20.957869,0.953839,11.534615,78.131177,-28.436542,0.780000,1,3.465385,0.252216
1777586147.333920,84.704627,-20.666508,0.963343,11.534379,78.343658,-28.224760,0.787500,1,3.465621,0.255175
1777586147.353944,84.824926,-20.465622,0.969744,11.534151,78.484427,-28.082689,0.792500,1,3.465849,0.255905
1777586147.384010,85.005829,-20.167115,0.979419,11.534150,78.694244,-27.868268,0.800000,1,3.465850,0.259666
1777586147.403993,85.123608,-19.966378,0.985924,11.533848,78.833226,-27.724449,0.805000,1,3.466152,0.261163
1777586147.433887,85.301676,-19.661533,0.995789,11.533783,79.040346,-27.507422,0.812500,1,3.466217,0.264588
1777586147.454041,85.414425,-19.466082,1.002423,11.533513,79.177520,-27.361878,0.817500,1,3.466487,0.266995
1777586147.484037,85.583796,-19.163750,1.012499,11.533367,79.381911,-27.142279,0.825000,1,3.466633,0.269528
1777586147.503965,85.695006,-18.964703,1.019268,11.533183,79.517255,-26.995030,0.830000,1,3.466817,0.272022
1777586147.533894,85.858593,-18.657456,1.029534,11.533033,79.718886,-26.772894,0.837500,1,3.466967,0.273026
1777586147.553425,85.967528,-18.453655,1.036412,11.532998,79.852378,-26.623965,0.842500,1,3.467002,0.274939
1777586147.583331,86.127120,-18.147426,1.046796,11.532906,80.051216,-26.399326,0.850000,1,3.467094,0.277088
1777586147.603368,86.234695,-17.944784,1.053763,11.532760,80.182837,-26.248740,0.855000,1,3.467240,0.280588
1777586147.633340,86.383292,-17.635394,1.064342,11.532513,80.378851,-26.021633,0.862500,1,3.467487,0.278815
1777586147.653486,86.485694,-17.423080,1.071401,11.532760,80.508579,-25.869414,0.867500,1,3.467240,0.278888
1777586147.683526,86.633031,-17.104666,1.081959,11.532851,80.701740,-25.639874,0.875000,1,3.467149,0.277106
1777586147.703506,86.725305,-16.902911,1.088976,11.533090,80.829555,-25.486046,0.880000,1,3.466910,0.276326
1777586147.733486,86.869486,-16.585531,1.099448,11.533254,81.019832,-25.254109,0.887500,1,3.466746,0.276100
1777586147.753507,86.962319,-16.372071,1.106419,11.533330,81.145714,-25.098695,0.892500,1,3.466670,0.274664
1777586147.783498,87.101127,-16.057524,1.116836,11.533549,81.333076,-24.864399,0.900000,1,3.466451,0.275182
1777586147.803433,87.189542,-15.847707,1.123775,11.533546,81.457006,-24.707423,0.905000,1,3.466454,0.274167
1777586147.833323,87.324311,-15.531382,1.134168,11.533716,81.641425,-24.470803,0.912500,1,3.466284,0.274967
1777586147.853385,87.409489,-15.320577,1.141098,11.533681,81.763383,-24.312291,0.917500,1,3.466319,0.273864
1777586147.883393,87.535306,-14.998245,1.151480,11.533855,81.944831,-24.073384,0.925000,1,3.466145,0.271182
1777586147.903310,87.618933,-14.785158,1.158359,11.534154,82.064798,-23.913359,0.930000,1,3.465846,0.270668
1777586147.933338,87.736706,-14.461840,1.168612,11.534254,82.243244,-23.672203,0.937500,1,3.465746,0.266189
1777586147.953380,87.818154,-14.243173,1.175387,11.534712,82.361202,-23.510692,0.942500,1,3.465288,0.265220
1777586147.983410,87.933918,-13.919009,1.185439,11.534837,82.536620,-23.267324,0.950000,1,3.465163,0.262435
1777586148.003505,88.009638,-13.700953,1.192097,11.535117,82.652550,-23.104350,0.955000,1,3.464883,0.260335
1777586148.033336,88.127762,-13.370183,1.201978,11.535333,82.824912,-22.858809,0.962500,1,3.464667,0.260597
1777586148.053462,88.205417,-13.151568,1.208552,11.535318,82.938796,-22.694399,0.967500,1,3.464682,0.261557
1777586148.083465,88.309782,-12.825665,1.218440,11.535244,83.108076,-22.446722,0.975000,1,3.464756,0.257865
1777586148.103444,88.379199,-12.599844,1.224994,11.535595,83.219895,-22.280902,0.980000,1,3.464405,0.254669
1777586148.133610,88.476826,-12.266365,1.234674,11.535891,83.386066,-22.031128,0.987500,1,3.464109,0.248644
1777586148.153505,88.542486,-12.044813,1.241024,11.536427,83.495804,-21.863923,0.992500,1,3.463573,0.246127
1777586148.183591,88.636400,-11.712247,1.250371,11.536629,83.658839,-21.612092,1.000000,1,3.463371,0.241148
1777586148.203501,88.698365,-11.488360,1.256518,11.537042,83.766479,-21.443529,1.005000,1,3.462958,0.238081
1777586148.233504,88.789000,-11.159463,1.265567,11.537265,83.926354,-21.189679,1.012500,1,3.462735,0.234830
1777586148.253400,88.849515,-10.938299,1.271532,11.537509,84.031878,-21.019783,1.017500,1,3.462491,0.233387
1777586148.283424,88.939287,-10.604504,1.280382,11.537578,84.188568,-20.763955,1.025000,1,3.462422,0.231802
1777586148.303910,88.997464,-10.381154,1.286249,11.537674,84.291960,-20.592754,1.030000,1,3.462326,0.230636
1777586148.333935,89.072425,-10.043119,1.294991,11.537715,84.445439,-20.334987,1.037500,1,3.462285,0.222633
1777586148.353425,89.121192,-9.822163,1.300708,11.538320,84.546683,-20.162507,1.042500,1,3.461680,0.218248
1777586148.383464,89.194719,-9.483326,1.309020,11.538589,84.696929,-19.902842,1.050000,1,3.461411,0.212296
1777586148.403412,89.244777,-9.262293,1.314450,11.538989,84.796009,-19.729109,1.055000,1,3.461011,0.210650
1777586148.433633,89.326647,-8.923194,1.322439,11.539020,84.942997,-19.467587,1.062500,1,3.460980,0.212689
1777586148.453434,89.374063,-8.694722,1.327778,11.538807,85.039898,-19.292629,1.067500,1,3.461193,0.210465
1777586148.483499,89.446744,-8.357197,1.335768,11.538888,85.183606,-19.029290,1.075000,1,3.461112,0.210276
1777586148.503453,89.495197,-8.132540,1.341073,11.538844,85.278312,-18.853135,1.080000,1,3.461156,0.211202
1777586148.533523,89.559209,-7.791488,1.349051,11.538691,85.418717,-18.588019,1.087500,1,3.461309,0.208398
1777586148.553467,89.602475,-7.566375,1.354342,11.538846,85.511214,-18.410694,1.092500,1,3.461154,0.208162
1777586148.583369,89.661177,-7.218838,1.362219,11.538780,85.648294,-18.143845,1.100000,1,3.461220,0.204489
1777586148.603414,89.700693,-6.987926,1.367422,11.538994,85.738568,-17.965377,1.105000,1,3.461006,0.203405
1777586148.634011,89.757339,-6.644603,1.375129,11.538985,85.872302,-17.696835,1.112500,1,3.461015,0.202064
1777586148.653879,89.793166,-6.414732,1.380242,11.539024,85.960337,-17.517253,1.117500,1,3.460976,0.200925
1777586148.683904,89.846817,-6.073359,1.387856,11.539019,86.090704,-17.247061,1.125000,1,3.460981,0.201026
1777586148.704042,89.877084,-5.845684,1.392923,11.538955,86.176488,-17.066392,1.130000,1,3.461045,0.198755
1777586148.733386,89.929607,-5.507996,1.400469,11.539032,86.303467,-16.794591,1.137500,1,3.460968,0.201506
1777586148.753364,89.961537,-5.281252,1.405516,11.538781,86.386986,-16.612865,1.142500,1,3.461219,0.202322
1777586148.783453,90.003987,-4.934374,1.413158,11.538647,86.510558,-16.339498,1.150000,1,3.461353,0.201219
1777586148.803993,90.031114,-4.705880,1.418246,11.538677,86.591798,-16.156741,1.155000,1,3.461323,0.200998
1777586148.833889,90.071363,-4.365406,1.425851,11.538621,86.711944,-15.881851,1.162500,1,3.461379,0.202059
1777586148.853946,90.093278,-4.133927,1.430932,11.538498,86.790894,-15.698094,1.167500,1,3.461502,0.200478
1777586148.884054,90.128658,-3.784968,1.438534,11.538545,86.907594,-15.421723,1.175000,1,3.461455,0.201087
1777586148.904091,90.149611,-3.554745,1.443597,11.538457,86.984240,-15.236993,1.180000,1,3.461543,0.201052
1777586148.933747,90.173375,-3.207676,1.451202,11.538396,87.097477,-14.959185,1.187500,1,3.461604,0.197751
1777586148.953516,90.190381,-2.975863,1.456229,11.538588,87.171809,-14.773512,1.192500,1,3.461412,0.197270
1777586148.983565,90.212809,-2.628238,1.463696,11.538555,87.281563,-14.494310,1.200000,1,3.461445,0.196211
1777586149.003537,90.225703,-2.398830,1.468656,11.538585,87.353569,-14.307722,1.205000,1,3.461415,0.195355
1777586149.033559,90.240193,-2.053854,1.476055,11.538579,87.459825,-14.027170,1.212500,1,3.461421,0.192581
1777586149.053351,90.252889,-1.820579,1.480946,11.538725,87.529492,-13.839697,1.217500,1,3.461275,0.193518
1777586149.083349,90.273765,-1.476193,1.488252,11.538593,87.632234,-13.557839,1.225000,1,3.461407,0.197728
1777586149.103375,90.282993,-1.240394,1.493184,11.538259,87.699552,-13.369509,1.230000,1,3.461741,0.198551
1777586149.133607,90.300488,-0.890958,1.500683,11.538147,87.798762,-13.086389,1.237500,1,3.461853,0.203670
1777586149.153544,90.311258,-0.662956,1.505754,11.537750,87.863721,-12.897232,1.242500,1,3.462250,0.207612
1777586149.183602,90.320243,-0.315830,1.513556,11.537426,87.959385,-12.612894,1.250000,1,3.462574,0.210580
1777586149.203471,90.326211,-0.080972,1.518829,11.537188,88.021974,-12.422941,1.255000,1,3.462812,0.213562
1777586149.233550,90.326882,0.269217,1.526869,11.536944,88.114076,-12.137429,1.262500,1,3.463056,0.214507
1777586149.253444,90.326721,0.501687,1.532266,11.536864,88.174287,-11.946708,1.267500,1,3.463136,0.215791
1777586149.283410,90.327494,0.848099,1.540412,11.536755,88.262813,-11.660067,1.275000,1,3.463245,0.219849
1777586149.303367,90.318643,1.078519,1.545905,11.536438,88.320634,-11.468608,1.280000,1,3.463562,0.217804
1777586149.333529,90.316503,1.423607,1.554170,11.536598,88.405570,-11.180884,1.287500,1,3.463402,0.223080
1777586149.353479,90.310471,1.649908,1.559729,11.536185,88.460995,-10.988717,1.292500,1,3.463815,0.224676
1777586149.383516,90.298644,1.990166,1.568208,11.536069,88.542327,-10.699953,1.300000,1,3.463931,0.226845
1777586149.403420,90.288146,2.219907,1.573902,11.535904,88.595345,-10.507109,1.305000,1,3.464096,0.227769
1777586149.433580,90.273914,2.567688,1.582507,11.535848,88.673062,-10.217351,1.312500,1,3.464152,0.231717
1777586149.453411,90.262815,2.794926,1.588301,11.535540,88.723665,-10.023858,1.317500,1,3.464460,0.234181
1777586149.483500,90.247142,3.138961,1.597130,11.535365,88.797755,-9.733152,1.325000,1,3.464635,0.240099
1777586149.503505,90.235488,3.364060,1.603111,11.534891,88.845935,-9.539042,1.330000,1,3.465109,0.244081
1777586149.533527,90.201684,3.712628,1.612296,11.534597,88.916385,-9.247432,1.337500,1,3.465403,0.242135
1777586149.553326,90.180229,3.938769,1.618429,11.534802,88.962135,-9.052735,1.342500,1,3.465198,0.242153
1777586149.583548,90.144033,4.287865,1.627591,11.534849,89.028934,-8.760267,1.350000,1,3.465151,0.241860
1777586149.603522,90.118014,4.518818,1.633696,11.534906,89.072248,-8.565014,1.355000,1,3.465094,0.241429
1777586149.633968,90.082903,4.861490,1.642836,11.534989,89.135386,-8.271734,1.362500,1,3.465011,0.244431
1777586149.653440,90.052358,5.094855,1.648965,11.534759,89.176255,-8.075955,1.367500,1,3.465241,0.243471
1777586149.683466,90.003538,5.433698,1.658189,11.534891,89.235722,-7.781908,1.375000,1,3.465109,0.240844
1777586149.703438,89.971178,5.663082,1.664298,11.535146,89.274141,-7.585633,1.380000,1,3.464854,0.240503
1777586149.733397,89.925550,6.008490,1.673402,11.535212,89.329928,-7.290867,1.387500,1,3.464788,0.243417
1777586149.753462,89.894495,6.238006,1.679506,11.534986,89.365891,-7.094127,1.392500,1,3.465014,0.245926
1777586149.783638,89.836261,6.580354,1.688780,11.534810,89.417989,-6.798686,1.400000,1,3.465190,0.243958
1777586149.803504,89.798368,6.804892,1.694959,11.535011,89.451490,-6.601512,1.405000,1,3.464989,0.243842
1777586149.833471,89.734931,7.147862,1.704188,11.535061,89.499891,-6.305443,1.412500,1,3.464939,0.241838
1777586149.853451,89.694338,7.373516,1.710314,11.535259,89.530924,-6.107865,1.417500,1,3.464741,0.242218
1777586149.883711,89.635254,7.711860,1.719474,11.535258,89.575621,-5.811214,1.425000,1,3.464742,0.245362
1777586149.903420,89.587914,7.939730,1.725624,11.535008,89.604182,-5.613264,1.430000,1,3.464992,0.243947
1777586149.933557,89.520628,8.285306,1.734873,11.535169,89.645168,-5.316078,1.437500,1,3.464831,0.246085
1777586149.953380,89.473360,8.512761,1.741054,11.535006,89.671252,-5.117786,1.442500,1,3.464994,0.246729
1777586149.983503,89.401511,8.849918,1.750383,11.534988,89.708520,-4.820111,1.450000,1,3.465012,0.248117
1777586150.003367,89.350533,9.074800,1.756625,11.534892,89.732124,-4.621509,1.455000,1,3.465108,0.248220
1777586150.033355,89.267282,9.416471,1.766017,11.534925,89.765667,-4.323391,1.462500,1,3.465075,0.246467
1777586150.053535,89.206972,9.634996,1.772257,11.535105,89.786787,-4.124509,1.467500,1,3.464895,0.242112
1777586150.083505,89.127809,9.971428,1.781473,11.535516,89.816602,-3.825995,1.475000,1,3.464484,0.245091
1777586150.103399,89.072180,10.199066,1.787619,11.535273,89.835234,-3.626865,1.480000,1,3.464727,0.246913
1777586150.133439,88.979546,10.527821,1.796939,11.535143,89.861315,-3.328002,1.487500,1,3.464857,0.243717
1777586150.153493,88.920229,10.747359,1.803128,11.535443,89.877456,-3.128654,1.492500,1,3.464557,0.244076
1777586150.183699,88.824393,11.082802,1.812360,11.535435,89.899799,-2.829488,1.500000,1,3.464565,0.243083
1777586150.204431,88.760911,11.299823,1.818505,11.535536,89.913448,-2.629955,1.505000,1,3.464464,0.242548
1777586150.234185,88.660401,11.624522,1.827690,11.535602,89.932050,-2.330533,1.512500,1,3.464398,0.239952
1777586150.253714,88.592900,11.841852,1.833775,11.535836,89.943203,-2.130844,1.517500,1,3.464164,0.239064
1777586150.283709,88.480464,12.168650,1.842833,11.535922,89.958061,-1.831213,1.525000,1,3.464078,0.232818
1777586150.303614,88.408823,12.388561,1.848784,11.536449,89.966718,-1.631400,1.530000,1,3.463551,0.231990
1777586150.333650,88.302364,12.712845,1.857572,11.536510,89.977829,-1.331607,1.537500,1,3.463490,0.231777
1777586150.353472,88.225728,12.933471,1.863421,11.536521,89.983987,-1.131702,1.542500,1,3.463479,0.230203
1777586150.383359,88.108242,13.265253,1.872151,11.536640,89.991351,-0.831793,1.550000,1,3.463360,0.228104
1777586150.403431,88.034811,13.483458,1.877931,11.536802,89.995010,-0.631827,1.555000,1,3.463198,0.229969
1777586150.433363,87.916523,13.816127,1.886608,11.536633,89.998623,-0.331849,1.562500,1,3.463367,0.230714
1777586150.453376,87.830218,14.033446,1.892418,11.536564,89.999783,-0.131853,1.567500,1,3.463436,0.227024
1777586150.483366,87.705192,14.356328,1.901054,11.536852,89.999647,0.168146,1.575000,1,3.463148,0.224912
1777586150.503551,87.617767,14.570688,1.906753,11.537008,89.998306,0.368142,1.580000,1,3.462992,0.221989
1777586150.533424,87.483771,14.893514,1.915188,11.537216,89.994420,0.668116,1.587500,1,3.462784,0.217800
1777586150.553434,87.395586,15.105771,1.920734,11.537522,89.990579,0.868079,1.592500,1,3.462478,0.216011
1777586150.583345,87.264418,15.429321,1.928928,11.537621,89.982944,1.167981,1.600000,1,3.462379,0.216685
1777586150.603416,87.169585,15.640682,1.934384,11.537542,89.976604,1.367880,1.605000,1,3.462458,0.212952
1777586150.633412,87.037393,15.958902,1.942487,11.537787,89.965221,1.667663,1.612500,1,3.462213,0.214839
1777586150.653405,86.943064,16.169637,1.947881,11.537614,89.956383,1.867468,1.617500,1,3.462386,0.213267
1777586150.683541,86.795486,16.481217,1.955968,11.537693,89.941254,2.167085,1.625000,1,3.462307,0.207886
1777586150.703478,86.699323,16.688788,1.961278,11.538066,89.929919,2.366764,1.630000,1,3.461934,0.206510
1777586150.733683,86.552500,17.005011,1.969107,11.538113,89.911045,2.666169,1.637500,1,3.461887,0.205774
1777586150.754052,86.453496,17.213119,1.974305,11.538131,89.897216,2.865690,1.642500,1,3.461869,0.204978
1777586150.783515,86.306577,17.524302,1.982068,11.538135,89.874601,3.164836,1.650000,1,3.461865,0.205919
1777586150.803780,86.200713,17.733785,1.987248,11.538031,89.858279,3.364168,1.655000,1,3.461969,0.203733
1777586150.833611,86.047767,18.043381,1.994981,11.538139,89.831927,3.663008,1.662500,1,3.461861,0.203964
1777586150.853733,85.944057,18.250331,2.000121,11.538087,89.813114,3.862121,1.667500,1,3.461913,0.204327
1777586150.883702,85.789017,18.565644,2.007845,11.538009,89.783028,4.160608,1.675000,1,3.461991,0.208074
1777586150.903771,85.680614,18.769435,2.013044,11.537704,89.761728,4.359470,1.680000,1,3.462296,0.207036
1777586150.933427,85.523390,19.075468,2.020888,11.537741,89.727914,4.657558,1.687500,1,3.462259,0.210009
1777586150.953379,85.411473,19.279299,2.026146,11.537496,89.704130,4.856138,1.692500,1,3.462504,0.209108
1777586150.983428,85.243474,19.587683,2.034067,11.537530,89.666592,5.153780,1.700000,1,3.462470,0.210024
1777586151.003492,85.134078,19.791015,2.039351,11.537440,89.640328,5.352047,1.705000,1,3.462560,0.212387
1777586151.033801,84.967258,20.094994,2.047355,11.537234,89.599073,5.649197,1.712500,1,3.462766,0.215688
1777586151.053763,84.844359,20.291157,2.052752,11.536968,89.570332,5.847121,1.717500,1,3.463032,0.210695
1777586151.083459,84.670570,20.593695,2.060785,11.537329,89.525366,6.143731,1.725000,1,3.462671,0.212917
1777586151.103435,84.556516,20.792242,2.066126,11.537145,89.494154,6.341280,1.730000,1,3.462855,0.215379
1777586151.133398,84.380184,21.095618,2.074241,11.536938,89.445484,6.637305,1.737500,1,3.463062,0.219608
1777586151.153456,84.262414,21.292764,2.079726,11.536604,89.411804,6.834449,1.742500,1,3.463396,0.221694
1777586151.183890,84.083992,21.591997,2.088086,11.536437,89.359438,7.129842,1.750000,1,3.463563,0.226563
1777586151.203682,83.960476,21.790387,2.093739,11.536052,89.323297,7.326549,1.755000,1,3.463948,0.228107
1777586151.233566,83.776136,22.083401,2.102349,11.535940,89.267242,7.621265,1.762500,1,3.464060,0.230915
1777586151.253424,83.652296,22.274863,2.108137,11.535722,89.228645,7.817506,1.767500,1,3.464278,0.231994
1777586151.283527,83.464282,22.560747,2.116901,11.535656,89.168911,8.111498,1.775000,1,3.464344,0.233495
1777586151.303509,83.339819,22.749911,2.122771,11.535548,89.127864,8.307240,1.780000,1,3.464452,0.235435
1777586151.333642,83.145940,23.038602,2.131654,11.535414,89.064460,8.600463,1.787500,1,3.464586,0.237922
1777586151.353697,83.017446,23.232388,2.137624,11.535226,89.020970,8.795677,1.792500,1,3.464774,0.241451
1777586151.383745,82.823065,23.519299,2.146715,11.534963,88.953905,9.088084,1.800000,1,3.465037,0.246109
1777586151.403771,82.689611,23.706541,2.152865,11.534590,88.907978,9.282739,1.805000,1,3.465410,0.246848
1777586151.433663,82.487447,23.988706,2.162196,11.534580,88.837264,9.574285,1.812500,1,3.465420,0.248955
1777586151.453730,82.349670,24.175853,2.168450,11.534431,88.788907,9.768351,1.817500,1,3.465569,0.249548
1777586151.483724,82.142453,24.458010,2.177886,11.534437,88.714554,10.058990,1.825000,1,3.465563,0.252241
1777586151.504592,82.000433,24.638032,2.184216,11.534236,88.663776,10.252436,1.830000,1,3.465764,0.250152
1777586151.534475,81.790671,24.914104,2.193709,11.534486,88.585796,10.542124,1.837500,1,3.465514,0.252387
1777586151.553743,81.642494,25.097236,2.200048,11.534324,88.532603,10.734920,1.842500,1,3.465676,0.250537
1777586151.583641,81.426419,25.369375,2.209552,11.534548,88.451008,11.023610,1.850000,1,3.465452,0.251309
1777586151.603635,81.276429,25.546150,2.215883,11.534515,88.395410,11.215726,1.855000,1,3.465485,0.248214
1777586151.633711,81.059443,25.808073,2.225315,11.534842,88.310213,11.503374,1.862500,1,3.465158,0.247603
1777586151.654345,80.909168,25.982980,2.231569,11.534924,88.252217,11.694780,1.867500,1,3.465076,0.245654
1777586151.684237,80.678732,26.245472,2.240890,11.535135,88.163431,11.981340,1.875000,1,3.464865,0.241961
1777586151.703771,80.532981,26.420705,2.247040,11.535476,88.103048,12.172007,1.880000,1,3.464524,0.244278
1777586151.733532,80.301722,26.683081,2.256255,11.535300,88.010687,12.457435,1.887500,1,3.464700,0.243230
1777586151.753390,80.150010,26.855880,2.262404,11.535410,87.947925,12.647332,1.892500,1,3.464590,0.243824
1777586151.783390,79.914429,27.109798,2.271623,11.535383,87.852004,12.931583,1.900000,1,3.464617,0.240401
1777586151.803557,79.750838,27.280736,2.277731,11.535694,87.786873,13.120680,1.905000,1,3.464306,0.236870
1777586151.833493,79.512585,27.540468,2.286738,11.536008,87.687406,13.403710,1.912500,1,3.463992,0.237767
1777586151.853434,79.348810,27.706504,2.292724,11.535937,87.619916,13.591979,1.917500,1,3.464063,0.234209
1777586151.883477,79.104868,27.959254,2.301631,11.536243,87.516919,13.873743,1.925000,1,3.463757,0.232759
1777586151.903516,78.941366,28.127332,2.307520,11.536363,87.447082,14.061154,1.930000,1,3.463637,0.232271
